,ts,uid,id.orig_h,id.orig_p,id.resp_h,id.resp_p,proto,service,duration,orig_bytes,resp_bytes,conn_state,local_orig,local_resp,missed_bytes,history,orig_pkts,orig_ip_bytes,resp_pkts,resp_ip_bytes,label
0,1547150806.194937,CXKZmpx40udvITEN2,192.168.1.199,59224.0,46.101.251.172,80.0,tcp,-,-,-,-,S0,-,-,0.0,S,1.0,60.0,0.0,0.0,-   Malicious   C&C
1,1547150822.835187,CBjcNy4pOh8Xg1H4S,192.168.1.199,59224.0,46.101.251.172,80.0,tcp,http,1.847943,149,171878,SF,-,-,4344.0,ShADadttfF,102.0,6485.0,121.0,178178.0,-   Malicious   C&C-FileDownload
2,1547150824.722866,CVTWpd789rU8sChfi,192.168.1.199,59226.0,46.101.251.172,80.0,tcp,http,1.500886,152,129941,SF,-,-,20272.0,ShADadtfF,83.0,4696.0,94.0,136285.0,-   Malicious   C&C-FileDownload
3,1547150826.262236,CPIQP13KgrGFK9M7L5,192.168.1.199,59228.0,46.101.251.172,80.0,tcp,-,3.132963,0,0,S0,-,-,0.0,S,3.0,180.0,0.0,0.0,-   Malicious   C&C
4,1547150833.475121,CXaopbG4XB1EAy601,192.168.1.199,59228.0,46.101.251.172,80.0,tcp,-,-,-,-,S0,-,-,0.0,S,1.0,60.0,0.0,0.0,-   Malicious   C&C
5,1547150842.035232,C0Nl5kWc6HNbbFVqd,192.168.1.199,59228.0,46.101.251.172,80.0,tcp,-,-,-,-,S0,-,-,0.0,S,1.0,60.0,0.0,0.0,-   Malicious   C&C
6,1547150858.675241,CXN7Hv30MRBCkz8BU4,192.168.1.199,59228.0,46.101.251.172,80.0,tcp,http,1.590348,149,141272,SF,-,-,2896.0,ShADadttfF,102.0,6781.0,101.0,146532.0,-   Malicious   C&C-FileDownload
7,1547150860.304820,CJEpyA1EVyv5OwuTe2,192.168.1.199,59230.0,46.101.251.172,80.0,tcp,http,1.775238,149,164489,SF,-,-,13032.0,ShADadttfF,111.0,6985.0,118.0,172081.0,-   Malicious   C&C-FileDownload
8,1547150862.115286,CGeINc33U03g8yP3b,192.168.1.199,59234.0,46.101.251.172,80.0,tcp,http,1.445668,149,125486,SF,-,-,8688.0,ShADadttfF,88.0,5757.0,90.0,130174.0,-   Malicious   C&C-FileDownload
9,1547150863.599438,CIERLB4zbRXPHGrGGd,192.168.1.199,59236.0,46.101.251.172,80.0,tcp,-,3.155701,0,0,S0,-,-,0.0,S,3.0,180.0,0.0,0.0,-   Malicious   C&C
10,1547150810.932733,C6geJBDrugw5zVZSd,192.168.1.199,123.0,94.124.107.190,123.0,udp,-,0.007489,48,48,SF,-,-,0.0,Dd,1.0,76.0,1.0,76.0,-   Benign   -
11,1547150870.835310,C7zAtS3qTQplBv9EJ5,192.168.1.199,59236.0,46.101.251.172,80.0,tcp,-,-,-,-,S0,-,-,0.0,S,1.0,60.0,0.0,0.0,-   Malicious   C&C
12,1547150821.932951,CnrVKW1NpjzWXp6de6,192.168.1.199,123.0,45.32.4.67,123.0,udp,-,0.100693,48,48,SF,-,-,0.0,Dd,1.0,76.0,1.0,76.0,-   Benign   -
13,1547150879.155315,CvvKOC4SSRmLsXgvRi,192.168.1.199,59236.0,46.101.251.172,80.0,tcp,-,-,-,-,S0,-,-,0.0,S,1.0,60.0,0.0,0.0,-   Malicious   C&C
14,1547150895.795319,CjBG2u14kmvgWdn7vl,192.168.1.199,59236.0,46.101.251.172,80.0,tcp,-,-,-,-,S0,-,-,0.0,S,1.0,60.0,0.0,0.0,-   Malicious   C&C
15,1547150845.932761,CHWVdb4BKoO7wivXMc,192.168.1.199,123.0,81.2.248.189,123.0,udp,-,0.005247,48,48,SF,-,-,0.0,Dd,1.0,76.0,1.0,76.0,-   Benign   -
16,1547150849.932730,C5ADtL388Ib8fAyMXg,192.168.1.199,123.0,77.78.107.252,123.0,udp,-,0.002245,48,48,SF,-,-,0.0,Dd,1.0,76.0,1.0,76.0,-   Benign   -
17,1547150851.932842,CUSZX224ylSzHk0y1i,192.168.1.199,123.0,81.2.254.224,123.0,udp,-,0.010509,48,48,SF,-,-,0.0,Dd,1.0,76.0,1.0,76.0,-   Benign   -
18,1547150928.435460,CVNQP5iuWtYHzOkEj,192.168.1.199,59236.0,46.101.251.172,80.0,tcp,http,1.185313,149,137844,SF,-,-,1448.0,ShADadttfF,99.0,6625.0,99.0,143000.0,-   Malicious   C&C-FileDownload
19,1547150929.659751,CvTcwH1QzC4b2uSCnf,192.168.1.199,59238.0,46.101.251.172,80.0,tcp,http,1.438680,148,121390,SF,-,-,17376.0,ShADadttfF,92.0,5604.0,92.0,133422.0,-   Malicious   C&C-FileDownload
20,1547150931.136166,ChKK5Z2dBmDIkB32wh,192.168.1.199,59240.0,46.101.251.172,80.0,tcp,-,3.139203,0,0,S0,-,-,0.0,S,3.0,180.0,0.0,0.0,-   Malicious   C&C
21,1547150876.932835,C7Cx7P3jjMEQ1bnoW6,192.168.1.199,123.0,94.124.107.190,123.0,udp,-,0.061956,48,48,SF,-,-,0.0,Dd,1.0,76.0,1.0,76.0,-   Benign   -
22,1547150938.355297,ChLfX7PfQwlTLnwJ3,192.168.1.199,59240.0,46.101.251.172,80.0,tcp,-,-,-,-,S0,-,-,0.0,S,1.0,60.0,0.0,0.0,-   Malicious   C&C
23,1547150889.932912,Cuyg343Rupci6UOpJe,192.168.1.199,123.0,45.32.4.67,123.0,udp,-,0.100697,48,48,SF,-,-,0.0,Dd,1.0,76.0,1.0,76.0,-   Benign   -
24,1547150946.995369,Cy5ad04NNP4WoZczA6,192.168.1.199,59240.0,46.101.251.172,80.0,tcp,-,-,-,-,S0,-,-,0.0,S,1.0,60.0,0.0,0.0,-   Malicious   C&C
25,1547150963.635372,C4S1Kz40sipbEERa76,192.168.1.199,59240.0,46.101.251.172,80.0,tcp,http,1.531888,149,139570,SF,-,-,10136.0,ShADadttfF,100.0,6581.0,99.0,144726.0,-   Malicious   C&C-FileDownload
26,1547150965.207232,C2Lnmo1m6gOEF5Flyj,192.168.1.199,59242.0,46.101.251.172,80.0,tcp,http,1.612322,147,152039,SF,-,-,11584.0,ShADadttfF,103.0,6303.0,108.0,157663.0,-   Malicious   C&C-FileDownload
27,1547150911.932871,CIaJbe2r7G6kyiiBq9,192.168.1.199,123.0,81.2.248.189,123.0,udp,-,0.031973,48,48,SF,-,-,0.0,Dd,1.0,76.0,1.0,76.0,-   Benign   -
28,1547150966.859046,C0aWOD1sg4rINDNIN7,192.168.1.199,59244.0,46.101.251.172,80.0,tcp,http,2.295936,150,149980,SF,-,-,2896.0,ShADadttfF,108.0,7058.0,107.0,155552.0,-   Malicious   C&C-FileDownload
29,1547150917.932958,CWVik5492QY66zYOO7,192.168.1.199,123.0,81.2.254.224,123.0,udp,-,-,-,-,S0,-,-,0.0,D,1.0,76.0,0.0,0.0,-   Benign   -
30,1547150944.933040,CuTq8q1ZKikzPNjrj4,192.168.1.199,123.0,94.124.107.190,123.0,udp,-,0.033738,48,48,SF,-,-,0.0,Dd,1.0,76.0,1.0,76.0,-   Benign   -
31,1547150981.932943,C6GPw43JQGDHdsw0B1,192.168.1.199,123.0,77.78.107.252,123.0,udp,-,0.024729,48,48,SF,-,-,0.0,Dd,1.0,76.0,1.0,76.0,-   Benign   -
32,1547150983.933045,CJfsvw3kgL4IhPgHM1,192.168.1.199,123.0,81.2.254.224,123.0,udp,-,-,-,-,S0,-,-,0.0,D,1.0,76.0,0.0,0.0,-   Benign   -
33,1547151023.932988,C0fbksytDcSiHFb92,192.168.1.199,123.0,45.32.4.67,123.0,udp,-,0.126928,48,48,SF,-,-,0.0,Dd,1.0,76.0,1.0,76.0,-   Benign   -
34,1547151045.933182,CWTgH22HS91J6PLYm,192.168.1.199,123.0,81.2.248.189,123.0,udp,-,0.029232,48,48,SF,-,-,0.0,Dd,1.0,76.0,1.0,76.0,-   Benign   -
35,1547151050.933086,CxMQz91jZVqWAo4998,192.168.1.199,123.0,81.2.254.224,123.0,udp,-,-,-,-,S0,-,-,0.0,D,1.0,76.0,0.0,0.0,-   Benign   -
36,1547151076.933252,C42cRO14oE8l1v7Ez3,192.168.1.199,123.0,94.124.107.190,123.0,udp,-,0.006994,48,48,SF,-,-,0.0,Dd,1.0,76.0,1.0,76.0,-   Benign   -
37,1547151118.933303,CiG6sQ1iKxvfmgk83f,192.168.1.199,123.0,77.78.107.252,123.0,udp,-,0.024989,48,48,SF,-,-,0.0,Dd,1.0,76.0,1.0,76.0,-   Benign   -
38,1547151119.933476,CGS0R83l1GhuDibKs4,192.168.1.199,123.0,81.2.254.224,123.0,udp,-,-,-,-,S0,-,-,0.0,D,1.0,76.0,0.0,0.0,-   Benign   -
39,1547151155.933450,CdZ0OL3mM8HPRDRvtk,192.168.1.199,123.0,45.32.4.67,123.0,udp,-,0.156911,48,48,SF,-,-,0.0,Dd,1.0,76.0,1.0,76.0,-   Benign   -
40,1547151182.933548,CayYjB3HUFtZQi8Wn9,192.168.1.199,123.0,81.2.248.189,123.0,udp,-,0.005500,48,48,SF,-,-,0.0,Dd,1.0,76.0,1.0,76.0,-   Benign   -
41,1547151187.933699,CYGlaX1o83nMehRjdg,192.168.1.199,123.0,81.2.254.224,123.0,udp,-,0.005243,48,48,SF,-,-,0.0,Dd,1.0,76.0,1.0,76.0,-   Benign   -
42,1547150788.860071,CdaEC32IMUT6DSVwYe,192.168.1.1,38408.0,192.168.1.199,22.0,tcp,-,180.296400,256,29096,OTH,-,-,0.0,DdA,214.0,11384.0,213.0,40172.0,-   Benign   -
43,1547151209.933652,C0bAMR2SXfmsHfV8X,192.168.1.199,123.0,94.124.107.190,123.0,udp,-,0.007243,48,48,SF,-,-,0.0,Dd,1.0,76.0,1.0,76.0,-   Benign   -
44,1547151248.933909,CJs3KqAEfgQy21o5c,192.168.1.199,123.0,77.78.107.252,123.0,udp,-,0.001997,48,48,SF,-,-,0.0,Dd,1.0,76.0,1.0,76.0,-   Benign   -
45,1547151290.933959,CXpTiF1LMpndMHgKZi,192.168.1.199,123.0,45.32.4.67,123.0,udp,-,0.104188,48,48,SF,-,-,0.0,Dd,1.0,76.0,1.0,76.0,-   Benign   -
46,1547151313.934098,CtYsGU3oTmBNkW4LD2,192.168.1.199,123.0,81.2.248.189,123.0,udp,-,0.089698,48,48,SF,-,-,0.0,Dd,1.0,76.0,1.0,76.0,-   Benign   -
47,1547151320.934107,C7QVY33utM0CtsE4Hi,192.168.1.199,123.0,81.2.254.224,123.0,udp,-,0.007988,48,48,SF,-,-,0.0,Dd,1.0,76.0,1.0,76.0,-   Benign   -
48,1547151339.934273,CjUaa4cQAIdsbnBp3,192.168.1.199,123.0,94.124.107.190,123.0,udp,-,0.092450,48,48,SF,-,-,0.0,Dd,1.0,76.0,1.0,76.0,-   Benign   -
49,1547151382.934502,C8TTIA4Zq7z51bs0di,192.168.1.199,123.0,77.78.107.252,123.0,udp,-,0.047472,48,48,SF,-,-,0.0,Dd,1.0,76.0,1.0,76.0,-   Benign   -
50,1547151422.934685,CaDVTj3RlhqyRepRd3,192.168.1.199,123.0,45.32.4.67,123.0,udp,-,0.185144,48,48,SF,-,-,0.0,Dd,1.0,76.0,1.0,76.0,-   Benign   -
51,1547151447.934685,CjgRfb2eRyHsurPSN7,192.168.1.199,123.0,81.2.248.189,123.0,udp,-,0.017984,48,48,SF,-,-,0.0,Dd,1.0,76.0,1.0,76.0,-   Benign   -
52,1547151453.934763,COrJD1IVmypQx2tBc,192.168.1.199,123.0,81.2.254.224,123.0,udp,-,-,-,-,S0,-,-,0.0,D,1.0,76.0,0.0,0.0,-   Benign   -
53,1547151469.934885,Cn5HYM2FXr5RFYb8Ff,192.168.1.199,123.0,94.124.107.190,123.0,udp,-,0.007250,48,48,SF,-,-,0.0,Dd,1.0,76.0,1.0,76.0,-   Benign   -
54,1547151510.935019,C1NIQy0DKPIxCnoNa,192.168.1.199,123.0,77.78.107.252,123.0,udp,-,0.002234,48,48,SF,-,-,0.0,Dd,1.0,76.0,1.0,76.0,-   Benign   -
55,1547151581.962241,CylbNT3UKFjpiAYiP2,192.168.1.1,38408.0,192.168.1.199,22.0,tcp,-,5.743725,872,1616,SF,-,-,0.0,DdAaFf,46.0,3264.0,25.0,2916.0,-   Benign   -
56,1547151556.935268,CWQIxIiblqLoN52fk,192.168.1.199,123.0,45.32.4.67,123.0,udp,-,0.111444,48,48,SF,-,-,0.0,Dd,1.0,76.0,1.0,76.0,-   Benign   -
57,1547151580.935329,C6SWBk1AVCjKGwXs47,192.168.1.199,123.0,81.2.248.189,123.0,udp,-,0.004995,48,48,SF,-,-,0.0,Dd,1.0,76.0,1.0,76.0,-   Benign   -
58,1547151583.935368,CevnUd33XIedmBYWb6,192.168.1.199,123.0,81.2.254.224,123.0,udp,-,0.005245,48,48,SF,-,-,0.0,Dd,1.0,76.0,1.0,76.0,-   Benign   -
59,1547151600.935180,C2FapU0RTeoqfIQU7,192.168.1.199,123.0,94.124.107.190,123.0,udp,-,0.020984,48,48,SF,-,-,0.0,Dd,1.0,76.0,1.0,76.0,-   Benign   -
60,1547151642.935221,CmwxFp4m8vY30AasKi,192.168.1.199,123.0,77.78.107.252,123.0,udp,-,0.031724,48,48,SF,-,-,0.0,Dd,1.0,76.0,1.0,76.0,-   Benign   -
61,1547151688.934980,C2gXPyPDT3irL1ONj,192.168.1.199,123.0,45.32.4.67,123.0,udp,-,0.100691,48,48,SF,-,-,0.0,Dd,1.0,76.0,1.0,76.0,-   Benign   -
62,1547151700.935140,CURn2Q1selnp6IESik,192.168.1.199,123.0,37.187.104.44,123.0,udp,-,-,-,-,S0,-,-,0.0,D,1.0,76.0,0.0,0.0,-   Benign   -
63,1547151713.934977,CGscxCKDAfaIOpmae,192.168.1.199,123.0,81.2.248.189,123.0,udp,-,0.037976,48,48,SF,-,-,0.0,Dd,1.0,76.0,1.0,76.0,-   Benign   -
64,1547151717.934939,C0t00x1gRtyNlyynC7,192.168.1.199,123.0,81.2.254.224,123.0,udp,-,-,-,-,S0,-,-,0.0,D,1.0,76.0,0.0,0.0,-   Benign   -
65,1547151731.934954,CyDMwbnlvVGQho7Hg,192.168.1.199,123.0,94.124.107.190,123.0,udp,-,0.006995,48,48,SF,-,-,0.0,Dd,1.0,76.0,1.0,76.0,-   Benign   -
66,1547151773.935002,CBUhDA4cvSss3Y0Smd,192.168.1.199,123.0,77.78.107.252,123.0,udp,-,0.008247,48,48,SF,-,-,0.0,Dd,1.0,76.0,1.0,76.0,-   Benign   -
67,1547151818.934849,CJvM802F2oL0zFNi1a,192.168.1.199,123.0,45.32.4.67,123.0,udp,-,0.112925,48,48,SF,-,-,0.0,Dd,1.0,76.0,1.0,76.0,-   Benign   -
68,1547151833.935034,CRi6pr1hrtEGOSNhe,192.168.1.199,123.0,37.187.104.44,123.0,udp,-,-,-,-,S0,-,-,0.0,D,1.0,76.0,0.0,0.0,-   Benign   -
69,1547151846.934873,C13T491xlwud8HOwoc,192.168.1.199,123.0,81.2.248.189,123.0,udp,-,0.006742,48,48,SF,-,-,0.0,Dd,1.0,76.0,1.0,76.0,-   Benign   -
70,1547151850.934847,CYk2cG2JQDPPR8t3sd,192.168.1.199,123.0,81.2.254.224,123.0,udp,-,-,-,-,S0,-,-,0.0,D,1.0,76.0,0.0,0.0,-   Benign   -
71,1547151864.934857,CFjMvR4J9P4UZRJM2,192.168.1.199,123.0,94.124.107.190,123.0,udp,-,0.007993,48,48,SF,-,-,0.0,Dd,1.0,76.0,1.0,76.0,-   Benign   -
72,1547151908.935013,C596rM2auYvyYEI4t3,192.168.1.199,123.0,77.78.107.252,123.0,udp,-,0.001998,48,48,SF,-,-,0.0,Dd,1.0,76.0,1.0,76.0,-   Benign   -
73,1547151948.934954,Ci8upWCj2ZZzoAIV1,192.168.1.199,123.0,45.32.4.67,123.0,udp,-,0.102197,48,48,SF,-,-,0.0,Dd,1.0,76.0,1.0,76.0,-   Benign   -
74,1547151962.934974,Cy3VpjGpgdqXJPPAc,192.168.1.199,123.0,37.187.104.44,123.0,udp,-,-,-,-,S0,-,-,0.0,D,1.0,76.0,0.0,0.0,-   Benign   -
75,1547151977.934923,CJRuUL3Wsy0QkzG8s2,192.168.1.199,123.0,81.2.248.189,123.0,udp,-,0.005237,48,48,SF,-,-,0.0,Dd,1.0,76.0,1.0,76.0,-   Benign   -
76,1547151982.935074,C8BvW91lSttPAOrvDe,192.168.1.199,123.0,81.2.254.224,123.0,udp,-,0.005484,48,48,SF,-,-,0.0,Dd,1.0,76.0,1.0,76.0,-   Benign   -
77,1547151995.934905,CQSiuQ3MDcU2rlsHk1,192.168.1.199,123.0,94.124.107.190,123.0,udp,-,0.066962,48,48,SF,-,-,0.0,Dd,1.0,76.0,1.0,76.0,-   Benign   -
78,1547152042.935093,CBhu3J3tkmW3UZBZnb,192.168.1.199,123.0,77.78.107.252,123.0,udp,-,0.033729,48,48,SF,-,-,0.0,Dd,1.0,76.0,1.0,76.0,-   Benign   -
79,1547152077.935132,CyqbVx2xHGzdQSt8Ke,192.168.1.199,123.0,45.32.4.67,123.0,udp,-,0.118189,48,48,SF,-,-,0.0,Dd,1.0,76.0,1.0,76.0,-   Benign   -
80,1547152093.935010,Cah6fV3eff47ylmjL2,192.168.1.199,123.0,37.187.104.44,123.0,udp,-,-,-,-,S0,-,-,0.0,D,1.0,76.0,0.0,0.0,-   Benign   -
81,1547152106.935100,CiP8P23o70nlQrWTzj,192.168.1.199,123.0,81.2.248.189,123.0,udp,-,0.019237,48,48,SF,-,-,0.0,Dd,1.0,76.0,1.0,76.0,-   Benign   -
82,1547152117.935082,CJcCGX3MrIK3xNhof5,192.168.1.199,123.0,81.2.254.224,123.0,udp,-,-,-,-,S0,-,-,0.0,D,1.0,76.0,0.0,0.0,-   Benign   -
83,1547152124.935094,CyUTjW1YXqWTuPE8m6,192.168.1.199,123.0,94.124.107.190,123.0,udp,-,0.007229,48,48,SF,-,-,0.0,Dd,1.0,76.0,1.0,76.0,-   Benign   -
84,1547152175.934744,CCcUn32l7PW55kYQTh,192.168.1.199,123.0,77.78.107.252,123.0,udp,-,0.001997,48,48,SF,-,-,0.0,Dd,1.0,76.0,1.0,76.0,-   Benign   -
85,1547152205.934635,Cia2zM3kByjXmacjN1,192.168.1.199,123.0,45.32.4.67,123.0,udp,-,0.100693,48,48,SF,-,-,0.0,Dd,1.0,76.0,1.0,76.0,-   Benign   -
86,1547152224.934550,CGCSUq2gxB661fbeXc,192.168.1.199,123.0,37.187.104.44,123.0,udp,-,-,-,-,S0,-,-,0.0,D,1.0,76.0,0.0,0.0,-   Benign   -
87,1547152237.934639,C3G3O13Gf0rLb5FgN,192.168.1.199,123.0,81.2.248.189,123.0,udp,-,0.004994,48,48,SF,-,-,0.0,Dd,1.0,76.0,1.0,76.0,-   Benign   -
88,1547152247.934435,COVcTw3fG6h7eokANd,192.168.1.199,123.0,81.2.254.224,123.0,udp,-,-,-,-,S0,-,-,0.0,D,1.0,76.0,0.0,0.0,-   Benign   -
89,1547152259.934348,CNBcz33dGmpwEkM2qd,192.168.1.199,123.0,94.124.107.190,123.0,udp,-,0.013245,48,48,SF,-,-,0.0,Dd,1.0,76.0,1.0,76.0,-   Benign   -
90,1547152303.934252,CxhgB9182AF5czUCh8,192.168.1.199,123.0,77.78.107.252,123.0,udp,-,0.030490,48,48,SF,-,-,0.0,Dd,1.0,76.0,1.0,76.0,-   Benign   -
91,1547152338.934295,C9fpv733TAJHlwBh1h,192.168.1.199,123.0,45.32.4.67,123.0,udp,-,0.115684,48,48,SF,-,-,0.0,Dd,1.0,76.0,1.0,76.0,-   Benign   -
92,1547152358.934156,Cp6PNk1nGFYS9rDgd9,192.168.1.199,123.0,37.187.104.44,123.0,udp,-,-,-,-,S0,-,-,0.0,D,1.0,76.0,0.0,0.0,-   Benign   -
93,1547152370.934055,C9FKSf1mjE2icHd33f,192.168.1.199,123.0,81.2.248.189,123.0,udp,-,0.008985,48,48,SF,-,-,0.0,Dd,1.0,76.0,1.0,76.0,-   Benign   -
94,1547152381.934040,CUWy0UZeyx3dDAU2h,192.168.1.199,123.0,81.2.254.224,123.0,udp,-,0.005514,48,48,SF,-,-,0.0,Dd,1.0,76.0,1.0,76.0,-   Benign   -
95,1547152391.934074,CqZNYC1K5fennORsrl,192.168.1.199,123.0,94.124.107.190,123.0,udp,-,0.007743,48,48,SF,-,-,0.0,Dd,1.0,76.0,1.0,76.0,-   Benign   -
96,1547152432.933953,CQKEZy1MRq6RCxOBWk,192.168.1.199,123.0,77.78.107.252,123.0,udp,-,0.001988,48,48,SF,-,-,0.0,Dd,1.0,76.0,1.0,76.0,-   Benign   -
97,1547152469.933860,CtpMueesbCejMjw5b,192.168.1.199,123.0,45.32.4.67,123.0,udp,-,0.103191,48,48,SF,-,-,0.0,Dd,1.0,76.0,1.0,76.0,-   Benign   -
98,1547152490.933873,Cu5VTc2VEx29x9IRzk,192.168.1.199,123.0,37.187.104.44,123.0,udp,-,0.030979,48,48,SF,-,-,0.0,Dd,1.0,76.0,1.0,76.0,-   Benign   -
99,1547152504.933887,CSB7Na3phOjRIguGge,192.168.1.199,123.0,81.2.248.189,123.0,udp,-,0.005247,48,48,SF,-,-,0.0,Dd,1.0,76.0,1.0,76.0,-   Benign   -
100,1547152513.933763,CTyC7848hmdPVDJOO9,192.168.1.199,123.0,81.2.254.224,123.0,udp,-,-,-,-,S0,-,-,0.0,D,1.0,76.0,0.0,0.0,-   Benign   -
101,1547152520.933773,Czg3DI1mnd7ZzpnR4f,192.168.1.199,123.0,94.124.107.190,123.0,udp,-,0.024231,48,48,SF,-,-,0.0,Dd,1.0,76.0,1.0,76.0,-   Benign   -
102,1547152564.933923,CtTBeN38DmCV9O2zFh,192.168.1.199,123.0,77.78.107.252,123.0,udp,-,0.001998,48,48,SF,-,-,0.0,Dd,1.0,76.0,1.0,76.0,-   Benign   -
103,1547152604.933866,ChToMA4HOBRL5AMYVj,192.168.1.199,123.0,45.32.4.67,123.0,udp,-,0.104188,48,48,SF,-,-,0.0,Dd,1.0,76.0,1.0,76.0,-   Benign   -
104,1547152623.933791,Cu1eUj1VgIOjItrIkj,192.168.1.199,123.0,37.187.104.44,123.0,udp,-,-,-,-,S0,-,-,0.0,D,1.0,76.0,0.0,0.0,-   Benign   -
105,1547152636.933875,CmRN8s1pQvMkRopoB9,192.168.1.199,123.0,81.2.248.189,123.0,udp,-,0.012734,48,48,SF,-,-,0.0,Dd,1.0,76.0,1.0,76.0,-   Benign   -
106,1547152641.933769,ClnQsd3f6qkCdG5I05,192.168.1.199,123.0,81.2.254.224,123.0,udp,-,-,-,-,S0,-,-,0.0,D,1.0,76.0,0.0,0.0,-   Benign   -
107,1547152655.933785,CoUxya2gukTan7Cbc4,192.168.1.199,123.0,94.124.107.190,123.0,udp,-,0.007495,48,48,SF,-,-,0.0,Dd,1.0,76.0,1.0,76.0,-   Benign   -
108,1547152697.933595,C89z1VI9YMpYh79R1,192.168.1.199,123.0,77.78.107.252,123.0,udp,-,0.005744,48,48,SF,-,-,0.0,Dd,1.0,76.0,1.0,76.0,-   Benign   -
109,1547152739.933389,CDN58U3uxS86PzXgHg,192.168.1.199,123.0,45.32.4.67,123.0,udp,-,0.119688,48,48,SF,-,-,0.0,Dd,1.0,76.0,1.0,76.0,-   Benign   -
110,1547152751.933295,Cvf4774uVwKLOeth41,192.168.1.199,123.0,37.187.104.44,123.0,udp,-,-,-,-,S0,-,-,0.0,D,1.0,76.0,0.0,0.0,-   Benign   -
111,1547152766.933254,CSg3bu2SvsCBi5oMq3,192.168.1.199,123.0,81.2.248.189,123.0,udp,-,0.005238,48,48,SF,-,-,0.0,Dd,1.0,76.0,1.0,76.0,-   Benign   -
112,1547152771.933393,Caqs56DzaeVDbdgzg,192.168.1.199,123.0,81.2.254.224,123.0,udp,-,-,-,-,S0,-,-,0.0,D,1.0,76.0,0.0,0.0,-   Benign   -
113,1547152790.933071,CWgVcb29jcaHbofW81,192.168.1.199,123.0,94.124.107.190,123.0,udp,-,0.007235,48,48,SF,-,-,0.0,Dd,1.0,76.0,1.0,76.0,-   Benign   -
114,1547152827.932972,CSXlm92RPGxwnUz3ag,192.168.1.199,123.0,77.78.107.252,123.0,udp,-,0.002489,48,48,SF,-,-,0.0,Dd,1.0,76.0,1.0,76.0,-   Benign   -
115,1547152872.932808,ChISc031zf2tH5ETI1,192.168.1.199,123.0,45.32.4.67,123.0,udp,-,0.101196,48,48,SF,-,-,0.0,Dd,1.0,76.0,1.0,76.0,-   Benign   -
116,1547152883.932790,CU7BDIJXYcbfP1zdk,192.168.1.199,123.0,37.187.104.44,123.0,udp,-,-,-,-,S0,-,-,0.0,D,1.0,76.0,0.0,0.0,-   Benign   -
117,1547152900.932856,CfmdFp4S4eMDympnz6,192.168.1.199,123.0,81.2.248.189,123.0,udp,-,0.005231,48,48,SF,-,-,0.0,Dd,1.0,76.0,1.0,76.0,-   Benign   -
118,1547152902.932718,CoMVMk486k51Vsvole,192.168.1.199,123.0,81.2.254.224,123.0,udp,-,0.005479,48,48,SF,-,-,0.0,Dd,1.0,76.0,1.0,76.0,-   Benign   -
119,1547152921.932624,CXxrEC1jvJ9dO7kQxa,192.168.1.199,123.0,94.124.107.190,123.0,udp,-,0.016739,48,48,SF,-,-,0.0,Dd,1.0,76.0,1.0,76.0,-   Benign   -
120,1547152957.932595,CBXavr4A1K0m4F1d4,192.168.1.199,123.0,77.78.107.252,123.0,udp,-,0.007988,48,48,SF,-,-,0.0,Dd,1.0,76.0,1.0,76.0,-   Benign   -
121,1547153006.932653,C87PHO2wDprOhaBJtg,192.168.1.199,123.0,45.32.4.67,123.0,udp,-,0.100689,48,48,SF,-,-,0.0,Dd,1.0,76.0,1.0,76.0,-   Benign   -
122,1547153016.932447,CpRGeTTQZIHpGfZr1,192.168.1.199,123.0,37.187.104.44,123.0,udp,-,-,-,-,S0,-,-,0.0,D,1.0,76.0,0.0,0.0,-   Benign   -
123,1547153032.932573,Cx69r43dQblwjM4rmj,192.168.1.199,123.0,81.2.254.224,123.0,udp,-,-,-,-,S0,-,-,0.0,D,1.0,76.0,0.0,0.0,-   Benign   -
124,1547153035.932621,CM5Fc91bpXxhYpNrNb,192.168.1.199,123.0,81.2.248.189,123.0,udp,-,0.011243,48,48,SF,-,-,0.0,Dd,1.0,76.0,1.0,76.0,-   Benign   -
125,1547153052.932420,CCfJ0B4jr0e0C5HBLf,192.168.1.199,123.0,94.124.107.190,123.0,udp,-,0.006996,48,48,SF,-,-,0.0,Dd,1.0,76.0,1.0,76.0,-   Benign   -
126,1547153089.932323,CRsCfKhKW5ya5We6d,192.168.1.199,123.0,77.78.107.252,123.0,udp,-,0.001998,48,48,SF,-,-,0.0,Dd,1.0,76.0,1.0,76.0,-   Benign   -
127,1547153134.932421,CZjNJr1QBtHxDErSl5,192.168.1.199,123.0,45.32.4.67,123.0,udp,-,0.102691,48,48,SF,-,-,0.0,Dd,1.0,76.0,1.0,76.0,-   Benign   -
128,1547153144.932461,Cup0T6WQmvY06zhhk,192.168.1.199,123.0,37.187.104.44,123.0,udp,-,-,-,-,S0,-,-,0.0,D,1.0,76.0,0.0,0.0,-   Benign   -
129,1547153165.932495,CVHCgI2k0gn8K4pvO1,192.168.1.199,123.0,81.2.248.189,123.0,udp,-,0.004990,48,48,SF,-,-,0.0,Dd,1.0,76.0,1.0,76.0,-   Benign   -
130,1547153166.932420,CFPJT5CNJHh77JeQa,192.168.1.199,123.0,81.2.254.224,123.0,udp,-,0.005245,48,48,SF,-,-,0.0,Dd,1.0,76.0,1.0,76.0,-   Benign   -
131,1547153183.932475,CdQ1pG1MWbYO9ZYpBl,192.168.1.199,123.0,94.124.107.190,123.0,udp,-,0.066211,48,48,SF,-,-,0.0,Dd,1.0,76.0,1.0,76.0,-   Benign   -
132,1547153220.932379,C2KOAtQQ7CGNFgXRc,192.168.1.199,123.0,77.78.107.252,123.0,udp,-,0.008252,48,48,SF,-,-,0.0,Dd,1.0,76.0,1.0,76.0,-   Benign   -
133,1547153262.932435,C6SUmn2ky5q45Masrk,192.168.1.199,123.0,45.32.4.67,123.0,udp,-,0.105945,48,48,SF,-,-,0.0,Dd,1.0,76.0,1.0,76.0,-   Benign   -
134,1547153273.932429,CXsQip4pQ6hJUm6hqb,192.168.1.199,123.0,37.187.104.44,123.0,udp,-,0.030967,48,48,SF,-,-,0.0,Dd,1.0,76.0,1.0,76.0,-   Benign   -
135,1547153297.932478,C4GXoZkaRe9ZmUC64,192.168.1.199,123.0,81.2.254.224,123.0,udp,-,-,-,-,S0,-,-,0.0,D,1.0,76.0,0.0,0.0,-   Benign   -
136,1547153299.932338,CHiSCHpFQ8cMG68vh,192.168.1.199,123.0,81.2.248.189,123.0,udp,-,0.005244,48,48,SF,-,-,0.0,Dd,1.0,76.0,1.0,76.0,-   Benign   -
137,1547153315.932464,C6PER34cOH7lFHiSSc,192.168.1.199,123.0,94.124.107.190,123.0,udp,-,0.038476,48,48,SF,-,-,0.0,Dd,1.0,76.0,1.0,76.0,-   Benign   -
138,1547153355.932407,CKiBu34GnYeefUg0j3,192.168.1.199,123.0,77.78.107.252,123.0,udp,-,0.005503,48,48,SF,-,-,0.0,Dd,1.0,76.0,1.0,76.0,-   Benign   -
139,1547153392.932323,CtdzoY26POJLpRaMji,192.168.1.199,123.0,45.32.4.67,123.0,udp,-,0.110432,48,48,SF,-,-,0.0,Dd,1.0,76.0,1.0,76.0,-   Benign   -
140,1547153432.932508,C4OIg614ASrxB0rTl8,192.168.1.199,123.0,81.2.254.224,123.0,udp,-,-,-,-,S0,-,-,0.0,D,1.0,76.0,0.0,0.0,-   Benign   -
141,1547153433.932438,CnaAF32EmJkXXEGrmi,192.168.1.199,123.0,81.2.248.189,123.0,udp,-,0.012236,48,48,SF,-,-,0.0,Dd,1.0,76.0,1.0,76.0,-   Benign   -
142,1547153448.932383,C5Od411eL7WZmIDgbd,192.168.1.199,123.0,94.124.107.190,123.0,udp,-,0.007242,48,48,SF,-,-,0.0,Dd,1.0,76.0,1.0,76.0,-   Benign   -
143,1547153483.932425,Ca77Hp4jbKMgaHXvyb,192.168.1.199,123.0,77.78.107.252,123.0,udp,-,0.001996,48,48,SF,-,-,0.0,Dd,1.0,76.0,1.0,76.0,-   Benign   -
144,1547153520.932576,CkYFJaSrXlu4rsBbe,192.168.1.199,123.0,45.32.4.67,123.0,udp,-,0.100940,48,48,SF,-,-,0.0,Dd,1.0,76.0,1.0,76.0,-   Benign   -
145,1547153542.932539,Cbut821JXvl1bKAisg,192.168.1.199,123.0,37.187.104.44,123.0,udp,-,-,-,-,S0,-,-,0.0,D,1.0,76.0,0.0,0.0,-   Benign   -
146,1547153565.932668,C2jeTv1P6wgQTbc37l,192.168.1.199,123.0,81.2.248.189,123.0,udp,-,0.004995,48,48,SF,-,-,0.0,Dd,1.0,76.0,1.0,76.0,-   Benign   -
147,1547153567.932543,C9IK7v3qgikPTzhabf,192.168.1.199,123.0,81.2.254.224,123.0,udp,-,0.005480,48,48,SF,-,-,0.0,Dd,1.0,76.0,1.0,76.0,-   Benign   -
148,1547153576.932646,CkMQyb3NOeyBvRlaf,192.168.1.199,123.0,94.124.107.190,123.0,udp,-,0.023740,48,48,SF,-,-,0.0,Dd,1.0,76.0,1.0,76.0,-   Benign   -
149,1547153613.932578,CeaOFb1OzrgF6fLpz3,192.168.1.199,123.0,77.78.107.252,123.0,udp,-,0.006496,48,48,SF,-,-,0.0,Dd,1.0,76.0,1.0,76.0,-   Benign   -
150,1547153655.932652,CQQjS33pe9qiwZXmW,192.168.1.199,123.0,45.32.4.67,123.0,udp,-,0.104438,48,48,SF,-,-,0.0,Dd,1.0,76.0,1.0,76.0,-   Benign   -
151,1547153693.932757,CjfIqz200E0D1R1Es,192.168.1.199,123.0,81.2.248.189,123.0,udp,-,0.011731,48,48,SF,-,-,0.0,Dd,1.0,76.0,1.0,76.0,-   Benign   -
152,1547153699.932833,CwMoiB18PHQ2dqzXDk,192.168.1.199,123.0,81.2.254.224,123.0,udp,-,0.005493,48,48,SF,-,-,0.0,Dd,1.0,76.0,1.0,76.0,-   Benign   -
153,1547153705.932912,CNiNi743vXoROG6zPe,192.168.1.199,123.0,94.124.107.190,123.0,udp,-,0.006744,48,48,SF,-,-,0.0,Dd,1.0,76.0,1.0,76.0,-   Benign   -
154,1547153741.932918,CT9bU7qkorBqRZHD2,192.168.1.199,123.0,77.78.107.252,123.0,udp,-,0.004232,48,48,SF,-,-,0.0,Dd,1.0,76.0,1.0,76.0,-   Benign   -
155,1547153784.932903,CBsgsf2eZt6se0C8P6,192.168.1.199,123.0,45.32.4.67,123.0,udp,-,0.100696,48,48,SF,-,-,0.0,Dd,1.0,76.0,1.0,76.0,-   Benign   -
156,1547153803.933084,CaYbJk1DcZqsvANUzk,192.168.1.199,123.0,37.187.104.44,123.0,udp,-,-,-,-,S0,-,-,0.0,D,1.0,76.0,0.0,0.0,-   Benign   -
157,1547153821.933086,CzLfHT2502tXITIa75,192.168.1.199,123.0,81.2.248.189,123.0,udp,-,0.005251,48,48,SF,-,-,0.0,Dd,1.0,76.0,1.0,76.0,-   Benign   -
158,1547153833.932990,CTcGxq14df7YlvBR7g,192.168.1.199,123.0,81.2.254.224,123.0,udp,-,-,-,-,S0,-,-,0.0,D,1.0,76.0,0.0,0.0,-   Benign   -
159,1547153835.933093,CB4MJdwVQIr5enBKg,192.168.1.199,123.0,94.124.107.190,123.0,udp,-,0.015506,48,48,SF,-,-,0.0,Dd,1.0,76.0,1.0,76.0,-   Benign   -
160,1547153875.932802,CLEpalz3hk5gQEI16,192.168.1.199,123.0,77.78.107.252,123.0,udp,-,0.002246,48,48,SF,-,-,0.0,Dd,1.0,76.0,1.0,76.0,-   Benign   -
161,1547153913.932659,CuQdV61jWxpYhcVstd,192.168.1.199,123.0,45.32.4.67,123.0,udp,-,0.103187,48,48,SF,-,-,0.0,Dd,1.0,76.0,1.0,76.0,-   Benign   -
162,1547153955.932713,CSbyeC29yyjeU0JVSe,192.168.1.199,123.0,81.2.248.189,123.0,udp,-,0.005246,48,48,SF,-,-,0.0,Dd,1.0,76.0,1.0,76.0,-   Benign   -
163,1547153964.932584,CHsl6x4s4c1WCAMhI8,192.168.1.199,123.0,94.124.107.190,123.0,udp,-,0.007243,48,48,SF,-,-,0.0,Dd,1.0,76.0,1.0,76.0,-   Benign   -
164,1547153964.932592,CP7Ft02xO4u9iI2yrh,192.168.1.199,123.0,81.2.254.224,123.0,udp,-,0.005488,48,48,SF,-,-,0.0,Dd,1.0,76.0,1.0,76.0,-   Benign   -
165,1547154003.932608,CzXJ3J3GTWG5xB2g38,192.168.1.199,123.0,77.78.107.252,123.0,udp,-,0.001997,48,48,SF,-,-,0.0,Dd,1.0,76.0,1.0,76.0,-   Benign   -
166,1547154046.932362,CYuV9H3iyVK66TNUOj,192.168.1.199,123.0,45.32.4.67,123.0,udp,-,0.274839,48,48,SF,-,-,0.0,Dd,1.0,76.0,1.0,76.0,-   Benign   -
167,1547154060.932374,CEeoIE7FiRt1VmLa3,192.168.1.199,123.0,37.187.104.44,123.0,udp,-,0.031230,48,48,SF,-,-,0.0,Dd,1.0,76.0,1.0,76.0,-   Benign   -
168,1547154217.932412,CIUKeI2VEiUsJ0tov3,192.168.1.199,123.0,81.2.248.189,123.0,udp,-,0.005231,48,48,SF,-,-,0.0,Dd,1.0,76.0,1.0,76.0,-   Benign   -
169,1547154223.932226,CdlQng3bJdS5vxJr52,192.168.1.199,123.0,94.124.107.190,123.0,udp,-,-,-,-,S0,-,-,0.0,D,1.0,76.0,0.0,0.0,-   Benign   -
170,1547154231.932416,C8aFkf36FOA05cgdDh,192.168.1.199,123.0,81.2.254.224,123.0,udp,-,-,-,-,S0,-,-,0.0,D,1.0,76.0,0.0,0.0,-   Benign   -
171,1547154271.932368,CHbZ0M1aWTLVOwZ7kj,192.168.1.199,123.0,77.78.107.252,123.0,udp,-,-,-,-,S0,-,-,0.0,D,1.0,76.0,0.0,0.0,-   Benign   -
172,1547154317.932411,CwSM8s1rQ7l9OPS3I5,192.168.1.199,123.0,45.32.4.67,123.0,udp,-,0.100692,48,48,SF,-,-,0.0,Dd,1.0,76.0,1.0,76.0,-   Benign   -
173,1547154320.932192,CVQGGl48HDutYoYxU3,192.168.1.199,123.0,37.187.104.44,123.0,udp,-,0.030997,48,48,SF,-,-,0.0,Dd,1.0,76.0,1.0,76.0,-   Benign   -
174,1547154476.932269,CxzGvu5gqK8HEsd34,192.168.1.199,123.0,81.2.248.189,123.0,udp,-,0.005242,48,48,SF,-,-,0.0,Dd,1.0,76.0,1.0,76.0,-   Benign   -
175,1547154488.932182,Ciuem9v7AeC6R4IY4,192.168.1.199,123.0,81.2.254.224,123.0,udp,-,-,-,-,S0,-,-,0.0,D,1.0,76.0,0.0,0.0,-   Benign   -
176,1547154492.932155,CvUmCSBrndx1dxiMg,192.168.1.199,123.0,94.124.107.190,123.0,udp,-,-,-,-,S0,-,-,0.0,D,1.0,76.0,0.0,0.0,-   Benign   -
177,1547154542.932394,C6FEUu14EbZpsmWwkk,192.168.1.199,123.0,77.78.107.252,123.0,udp,-,-,-,-,S0,-,-,0.0,D,1.0,76.0,0.0,0.0,-   Benign   -
178,1547154577.932444,Cv0LXC3M9ce6xUpcl,192.168.1.199,123.0,45.32.4.67,123.0,udp,-,-,-,-,S0,-,-,0.0,D,1.0,76.0,0.0,0.0,-   Benign   -
179,1547154744.932504,Con5Lh4TQYUVmwAIB3,192.168.1.199,123.0,81.2.248.189,123.0,udp,-,-,-,-,S0,-,-,0.0,D,1.0,76.0,0.0,0.0,-   Benign   -
180,1547154756.932416,CiGQzz4L54rO7QmLyl,192.168.1.199,123.0,81.2.254.224,123.0,udp,-,0.005489,48,48,SF,-,-,0.0,Dd,1.0,76.0,1.0,76.0,-   Benign   -
181,1547154760.932377,CZ8FG47ihntTXbXlk,192.168.1.199,123.0,94.124.107.190,123.0,udp,-,-,-,-,S0,-,-,0.0,D,1.0,76.0,0.0,0.0,-   Benign   -
182,1547154798.932482,CBAt9sp9tPtjaqf63,192.168.1.199,123.0,77.78.107.252,123.0,udp,-,0.002232,48,48,SF,-,-,0.0,Dd,1.0,76.0,1.0,76.0,-   Benign   -
183,1547154847.932539,CzRDmZ3fmLCvVfxV4c,192.168.1.199,123.0,45.32.4.67,123.0,udp,-,-,-,-,S0,-,-,0.0,D,1.0,76.0,0.0,0.0,-   Benign   -
184,1547154853.932618,CTIngh3v1WaaxazvE8,192.168.1.199,123.0,37.187.104.44,123.0,udp,-,-,-,-,S0,-,-,0.0,D,1.0,76.0,0.0,0.0,-   Benign   -
185,1547155001.932746,Cott1yG37Y085Cea4,192.168.1.199,123.0,81.2.248.189,123.0,udp,-,-,-,-,S0,-,-,0.0,D,1.0,76.0,0.0,0.0,-   Benign   -
186,1547155024.932881,C4gMAg1CdcNGjllWt7,192.168.1.199,123.0,94.124.107.190,123.0,udp,-,0.008491,48,48,SF,-,-,0.0,Dd,1.0,76.0,1.0,76.0,-   Benign   -
187,1547155026.932742,C2cQxF37vEUElUeHBl,192.168.1.199,123.0,81.2.254.224,123.0,udp,-,-,-,-,S0,-,-,0.0,D,1.0,76.0,0.0,0.0,-   Benign   -
188,1547155056.932885,CrHRUS3zN6IYjD7uQf,192.168.1.199,123.0,77.78.107.252,123.0,udp,-,0.001996,48,48,SF,-,-,0.0,Dd,1.0,76.0,1.0,76.0,-   Benign   -
189,1547155117.932861,C4lZuV17d8ko0K2H44,192.168.1.199,123.0,45.32.4.67,123.0,udp,-,-,-,-,S0,-,-,0.0,D,1.0,76.0,0.0,0.0,-   Benign   -
190,1547155271.933068,CWElf74ZPenkRC5XYi,192.168.1.199,123.0,81.2.248.189,123.0,udp,-,-,-,-,S0,-,-,0.0,D,1.0,76.0,0.0,0.0,-   Benign   -
191,1547155287.933204,CNBCav3MjOUMXWcfZ1,192.168.1.199,123.0,94.124.107.190,123.0,udp,-,-,-,-,S0,-,-,0.0,D,1.0,76.0,0.0,0.0,-   Benign   -
192,1547155293.933282,CdNcWy4GhA1tQ9Hm1j,192.168.1.199,123.0,81.2.254.224,123.0,udp,-,-,-,-,S0,-,-,0.0,D,1.0,76.0,0.0,0.0,-   Benign   -
193,1547155315.933235,CZEUfd3qSCRuvh1RHj,192.168.1.199,123.0,77.78.107.252,123.0,udp,-,-,-,-,S0,-,-,0.0,D,1.0,76.0,0.0,0.0,-   Benign   -
194,1547155366.933408,CSkqcR220J67IJO9w2,192.168.1.199,123.0,37.187.104.44,123.0,udp,-,-,-,-,S0,-,-,0.0,D,1.0,76.0,0.0,0.0,-   Benign   -
195,1547155383.933216,CoKcr8144jlEmOYnT8,192.168.1.199,123.0,45.32.4.67,123.0,udp,-,-,-,-,S0,-,-,0.0,D,1.0,76.0,0.0,0.0,-   Benign   -
196,1547155527.933621,CeMQw221oXSBYYn984,192.168.1.199,123.0,81.2.248.189,123.0,udp,-,0.005246,48,48,SF,-,-,0.0,Dd,1.0,76.0,1.0,76.0,-   Benign   -
197,1547155551.933695,CAQsi115Fu1TxDzM22,192.168.1.199,123.0,94.124.107.190,123.0,udp,-,-,-,-,S0,-,-,0.0,D,1.0,76.0,0.0,0.0,-   Benign   -
198,1547155551.933698,COmQCy1HF0VFoE6k23,192.168.1.199,123.0,81.2.254.224,123.0,udp,-,-,-,-,S0,-,-,0.0,D,1.0,76.0,0.0,0.0,-   Benign   -
199,1547155584.933632,C4Skma4mnzLMNP98ea,192.168.1.199,123.0,77.78.107.252,123.0,udp,-,-,-,-,S0,-,-,0.0,D,1.0,76.0,0.0,0.0,-   Benign   -
200,1547155654.933801,C2IN453oqAhWpJaV4i,192.168.1.199,123.0,45.32.4.67,123.0,udp,-,-,-,-,S0,-,-,0.0,D,1.0,76.0,0.0,0.0,-   Benign   -
201,1547155797.934352,CXgRAv2TDjTdoj6sFj,192.168.1.199,123.0,81.2.248.189,123.0,udp,-,-,-,-,S0,-,-,0.0,D,1.0,76.0,0.0,0.0,-   Benign   -
202,1547155810.934462,CxV5173B3EZgmVrm14,192.168.1.199,123.0,81.2.254.224,123.0,udp,-,-,-,-,S0,-,-,0.0,D,1.0,76.0,0.0,0.0,-   Benign   -
203,1547155811.934393,CkoHYB4lmPXBbRKvr,192.168.1.199,123.0,94.124.107.190,123.0,udp,-,0.008247,48,48,SF,-,-,0.0,Dd,1.0,76.0,1.0,76.0,-   Benign   -
204,1547155848.934625,Cm7cYg1wNuwNjxSx5i,192.168.1.199,123.0,77.78.107.252,123.0,udp,-,0.002243,48,48,SF,-,-,0.0,Dd,1.0,76.0,1.0,76.0,-   Benign   -
205,1547155881.934622,Cmr3Nx2IvqWIbzFP7c,192.168.1.199,123.0,37.187.104.44,123.0,udp,-,-,-,-,S0,-,-,0.0,D,1.0,76.0,0.0,0.0,-   Benign   -
206,1547155918.934838,CPMPLj2cBKM0jjlEXd,192.168.1.199,123.0,45.32.4.67,123.0,udp,-,0.100692,48,48,SF,-,-,0.0,Dd,1.0,76.0,1.0,76.0,-   Benign   -
207,1547156062.935462,C5ExDb4sRGjSRZQZuc,192.168.1.199,123.0,81.2.248.189,123.0,udp,-,-,-,-,S0,-,-,0.0,D,1.0,76.0,0.0,0.0,-   Benign   -
208,1547156070.935422,Cn3urR1bpYhoK0r2Bh,192.168.1.199,123.0,81.2.254.224,123.0,udp,-,0.005486,48,48,SF,-,-,0.0,Dd,1.0,76.0,1.0,76.0,-   Benign   -
209,1547156074.935389,CYuOWN2bFxRpa9Zzw3,192.168.1.199,123.0,94.124.107.190,123.0,udp,-,0.007244,48,48,SF,-,-,0.0,Dd,1.0,76.0,1.0,76.0,-   Benign   -
210,1547156112.935290,C05PH44f7pHtnnGmb2,192.168.1.199,123.0,77.78.107.252,123.0,udp,-,0.001982,48,48,SF,-,-,0.0,Dd,1.0,76.0,1.0,76.0,-   Benign   -
211,1547156329.935312,CRgJiB3FmpqhmTkKrl,192.168.1.199,123.0,81.2.248.189,123.0,udp,-,0.005241,48,48,SF,-,-,0.0,Dd,1.0,76.0,1.0,76.0,-   Benign   -
212,1547156336.935079,CWzVWq1NeqyGJYg8Uc,192.168.1.199,123.0,81.2.254.224,123.0,udp,-,0.005490,48,48,SF,-,-,0.0,Dd,1.0,76.0,1.0,76.0,-   Benign   -
213,1547156337.935255,C4pF06ZC7LcIKfQp7,192.168.1.199,123.0,94.124.107.190,123.0,udp,-,-,-,-,S0,-,-,0.0,D,1.0,76.0,0.0,0.0,-   Benign   -
214,1547156382.935147,CpZ0B62oxxq2Lo1OJe,192.168.1.199,123.0,77.78.107.252,123.0,udp,-,0.014742,48,48,SF,-,-,0.0,Dd,1.0,76.0,1.0,76.0,-   Benign   -
215,1547156403.935189,CT2xs11aUmH0DDs9L8,192.168.1.199,123.0,37.187.104.44,123.0,udp,-,0.030732,48,48,SF,-,-,0.0,Dd,1.0,76.0,1.0,76.0,-   Benign   -
216,1547156459.935061,CLFOkE4xtx9m3c2zN8,192.168.1.199,123.0,45.32.4.67,123.0,udp,-,-,-,-,S0,-,-,0.0,D,1.0,76.0,0.0,0.0,-   Benign   -
217,1547156597.952256,C6b0Boa30erLzzQ06,192.168.1.199,123.0,81.2.248.189,123.0,udp,-,-,-,-,S0,-,-,0.0,D,1.0,76.0,0.0,0.0,-   Benign   -
218,1547156608.951992,Ctf0bB1jciumDayY2,192.168.1.199,123.0,94.124.107.190,123.0,udp,-,-,-,-,S0,-,-,0.0,D,1.0,76.0,0.0,0.0,-   Benign   -
219,1547156643.952814,CoCBcznjNnEM4Ku3j,192.168.1.199,123.0,77.78.107.252,123.0,udp,-,-,-,-,S0,-,-,0.0,D,1.0,76.0,0.0,0.0,-   Benign   -
220,1547156867.952741,CNmtxG4xGtLoRwDuYf,192.168.1.199,123.0,94.124.107.190,123.0,udp,-,-,-,-,S0,-,-,0.0,D,1.0,76.0,0.0,0.0,-   Benign   -
221,1547156868.952667,Ctxz0r3nuDcCoqy7bi,192.168.1.199,123.0,81.2.248.189,123.0,udp,-,0.005250,48,48,SF,-,-,0.0,Dd,1.0,76.0,1.0,76.0,-   Benign   -
222,1547156907.951451,CpOI9OThVtwQsaL62,192.168.1.199,123.0,77.78.107.252,123.0,udp,-,0.002746,48,48,SF,-,-,0.0,Dd,1.0,76.0,1.0,76.0,-   Benign   -
223,1547156915.953643,CFwX0a1KMVU4FnEiJk,192.168.1.199,123.0,37.187.104.44,123.0,udp,-,-,-,-,S0,-,-,0.0,D,1.0,76.0,0.0,0.0,-   Benign   -
224,1547156973.952614,Cl5uuc29fyEsDf9XIi,192.168.1.199,123.0,45.32.4.67,123.0,udp,-,-,-,-,S0,-,-,0.0,D,1.0,76.0,0.0,0.0,-   Benign   -
225,1547157068.286878,Cv9DbR3aVAeubQOrcj,192.168.1.199,38897.0,86.136.151.56,80.0,udp,-,300.802367,1744830458,0,S0,-,-,0.0,D,1305034.0,1781371410.0,0.0,0.0,-   Malicious   DDoS
226,1547157390.954032,CeWMsR3StWI7CrFlh5,192.168.1.199,123.0,81.2.254.224,123.0,udp,-,-,-,-,S0,-,-,0.0,D,1.0,76.0,0.0,0.0,-   Benign   -
227,1547157404.952812,CtDG2kKFANlXzxH2d,192.168.1.199,123.0,81.2.248.189,123.0,udp,-,-,-,-,S0,-,-,0.0,D,1.0,76.0,0.0,0.0,-   Benign   -
228,1547157445.952696,CxmpZf2SM24L5iL8j4,192.168.1.199,123.0,77.78.107.252,123.0,udp,-,-,-,-,S0,-,-,0.0,D,1.0,76.0,0.0,0.0,-   Benign   -
229,1547157455.953247,CJrY2v1tAQ2wSbAkw8,192.168.1.199,123.0,37.187.104.44,123.0,udp,-,-,-,-,S0,-,-,0.0,D,1.0,76.0,0.0,0.0,-   Benign   -
230,1547150862.092044,CciS4F261blHGCR5xa,192.168.1.199,51834.0,46.101.251.172,23.0,tcp,-,6803.476778,639,627,S1,-,-,0.0,ShADda,337.0,18203.0,362.0,19519.0,-   Malicious   C&C
231,1547157662.953055,CVhlni1vUjmHbv2XYg,192.168.1.199,123.0,81.2.248.189,123.0,udp,-,-,-,-,S0,-,-,0.0,D,1.0,76.0,0.0,0.0,-   Benign   -
232,1547157661.952878,ChNxXQ3tFSWXUDDMVa,192.168.1.199,123.0,94.124.107.190,123.0,udp,-,-,-,-,S0,-,-,0.0,D,1.0,76.0,0.0,0.0,-   Benign   -
233,1547157653.952939,Cl719X2VltGmT4khp4,192.168.1.199,123.0,81.2.254.224,123.0,udp,-,-,-,-,S0,-,-,0.0,D,1.0,76.0,0.0,0.0,-   Benign   -
